[{"pk": 1, "model": "contenttypes.contenttype", "fields": {"model": "logentry", "name": "log entry", "app_label": "admin"}}, {"pk": 2, "model": "contenttypes.contenttype", "fields": {"model": "permission", "name": "permission", "app_label": "auth"}}, {"pk": 3, "model": "contenttypes.contenttype", "fields": {"model": "group", "name": "group", "app_label": "auth"}}, {"pk": 4, "model": "contenttypes.contenttype", "fields": {"model": "user", "name": "user", "app_label": "auth"}}, {"pk": 5, "model": "contenttypes.contenttype", "fields": {"model": "contenttype", "name": "content type", "app_label": "contenttypes"}}, {"pk": 6, "model": "contenttypes.contenttype", "fields": {"model": "session", "name": "session", "app_label": "sessions"}}, {"pk": 7, "model": "contenttypes.contenttype", "fields": {"model": "ingredient", "name": "ingredient", "app_label": "drink"}}, {"pk": 8, "model": "contenttypes.contenttype", "fields": {"model": "drink", "name": "drink", "app_label": "drink"}}, {"pk": 9, "model": "contenttypes.contenttype", "fields": {"model": "recipe", "name": "recipe", "app_label": "drink"}}, {"pk": 10, "model": "contenttypes.contenttype", "fields": {"model": "tag", "name": "tag", "app_label": "drink"}}, {"pk": "950cywna6auuvilqw44y0encpuwg8g74", "model": "sessions.session", "fields": {"expire_date": "2014-03-23T13:02:42.483Z", "session_data": "MDk3NjVkODRhZTgzN2M2ODRhODE1MWIyOTM1NTUxNWQ3ODAxM2Q1MTp7Il9hdXRoX3VzZXJfYmFja2VuZCI6ImRqYW5nby5jb250cmliLmF1dGguYmFja2VuZHMuTW9kZWxCYWNrZW5kIiwiX2F1dGhfdXNlcl9pZCI6MX0="}}, {"pk": "jj6hyegnujsoe9pv52f4nnuft0emx8qi", "model": "sessions.session", "fields": {"expire_date": "2014-03-24T08:36:17.380Z", "session_data": "MDk3NjVkODRhZTgzN2M2ODRhODE1MWIyOTM1NTUxNWQ3ODAxM2Q1MTp7Il9hdXRoX3VzZXJfYmFja2VuZCI6ImRqYW5nby5jb250cmliLmF1dGguYmFja2VuZHMuTW9kZWxCYWNrZW5kIiwiX2F1dGhfdXNlcl9pZCI6MX0="}}, {"pk": 1, "model": "drink.ingredient", "fields": {"image": "", "name": "Light Rum", "unit": "cL", "description": "A sugar based spirit mainly produced in the Caribbean. Famous brands include Captain Morgan."}}, {"pk": 2, "model": "drink.ingredient", "fields": {"image": "", "name": "Lime", "unit": "wedge", "description": "A green citrus fruit that grows mainly in the far east."}}, {"pk": 3, "model": "drink.ingredient", "fields": {"image": "", "name": "Mint leaves", "unit": "leaves", "description": "Smells really good."}}, {"pk": 4, "model": "drink.ingredient", "fields": {"image": "", "name": "Soda water", "unit": "cL", "description": "Water. With bubbles."}}, {"pk": 5, "model": "drink.ingredient", "fields": {"image": "", "name": "Coca Cola", "unit": "cL", "description": "The most recognized trademark in the world."}}, {"pk": 6, "model": "drink.ingredient", "fields": {"image": "", "name": "Saft", "unit": "ml", "description": "S\u00f6tt"}}, {"pk": 7, "model": "drink.ingredient", "fields": {"image": "", "name": "Vodka", "unit": "cl", "description": "40 %"}}, {"pk": 8, "model": "drink.ingredient", "fields": {"image": "", "name": "Tequila", "unit": "cl", "description": "60%"}}, {"pk": 9, "model": "drink.ingredient", "fields": {"image": "", "name": "Whiskey", "unit": "cl", "description": "Smokey"}}, {"pk": 10, "model": "drink.ingredient", "fields": {"image": "", "name": "Dark rum", "unit": "cl", "description": "Captain"}}, {"pk": 11, "model": "drink.ingredient", "fields": {"image": "", "name": "Sourz apple", "unit": "cl", "description": "Sour and a little sweet"}}, {"pk": 12, "model": "drink.ingredient", "fields": {"image": "", "name": "7up", "unit": "cl", "description": "Soda"}}, {"pk": 13, "model": "drink.ingredient", "fields": {"image": "", "name": "Vanilla vodka", "unit": "cl", "description": "42%"}}, {"pk": 14, "model": "drink.ingredient", "fields": {"image": "", "name": "Kahlua", "unit": "cl", "description": "Mjouf"}}, {"pk": 15, "model": "drink.ingredient", "fields": {"image": "", "name": "Milk", "unit": "cl", "description": "Good for you"}}, {"pk": 16, "model": "drink.ingredient", "fields": {"image": "", "name": "Mailbu", "unit": "cl", "description": "Coco nut"}}, {"pk": 17, "model": "drink.ingredient", "fields": {"image": "", "name": "Lemon Vodka", "unit": "cl", "description": "Stingy"}}, {"pk": 18, "model": "drink.ingredient", "fields": {"image": "", "name": "Cointreau", "unit": "cl", "description": "Orangy"}}, {"pk": 19, "model": "drink.ingredient", "fields": {"image": "", "name": "Cranberry Juice", "unit": "cl", "description": "So nice!"}}, {"pk": 2, "model": "drink.drink", "fields": {"upvotes": 4, "image": "mojito.jpg", "name": "Mojito", "downvotes": 1, "description": "Yum!"}}, {"pk": 3, "model": "drink.drink", "fields": {"upvotes": 2, "image": "cuba.jpg", "name": "Cuba Libre", "downvotes": 4, "description": "Yuck!"}}, {"pk": 4, "model": "drink.drink", "fields": {"upvotes": 1, "image": "", "name": "P2", "downvotes": 0, "description": "Long drink - Build with ice"}}, {"pk": 5, "model": "drink.drink", "fields": {"upvotes": 0, "image": "", "name": "Cosmopolitan", "downvotes": 0, "description": "For the man who is secure about his sexuality"}}, {"pk": 6, "model": "drink.drink", "fields": {"upvotes": 0, "image": "", "name": "White russian", "downvotes": 1, "description": "The slightly brighter version of black russian"}}, {"pk": 7, "model": "drink.drink", "fields": {"upvotes": 0, "image": "", "name": "Pi\u00f1a Colada", "downvotes": 0, "description": "Paradise calling"}}, {"pk": 1, "model": "drink.recipe", "fields": {"note": "", "amount": 4, "drink": 2, "ingredient": 1}}, {"pk": 2, "model": "drink.recipe", "fields": {"note": "(muddled with mint)", "amount": 4, "drink": 2, "ingredient": 2}}, {"pk": 3, "model": "drink.recipe", "fields": {"note": "", "amount": 10, "drink": 2, "ingredient": 3}}, {"pk": 4, "model": "drink.recipe", "fields": {"note": "(fill up glass)", "amount": 20, "drink": 2, "ingredient": 4}}, {"pk": 5, "model": "drink.recipe", "fields": {"note": "", "amount": 4, "drink": 3, "ingredient": 1}}, {"pk": 6, "model": "drink.recipe", "fields": {"note": "(fill up glass)", "amount": 20, "drink": 3, "ingredient": 5}}, {"pk": 7, "model": "drink.recipe", "fields": {"note": "(decoration)", "amount": 1, "drink": 3, "ingredient": 2}}, {"pk": 8, "model": "drink.recipe", "fields": {"note": "", "amount": 3, "drink": 4, "ingredient": 13}}, {"pk": 9, "model": "drink.recipe", "fields": {"note": "", "amount": 3, "drink": 4, "ingredient": 11}}, {"pk": 10, "model": "drink.recipe", "fields": {"note": "", "amount": 6, "drink": 4, "ingredient": 12}}, {"pk": 11, "model": "drink.recipe", "fields": {"note": "Pressed", "amount": 1, "drink": 4, "ingredient": 2}}, {"pk": 12, "model": "drink.recipe", "fields": {"note": "", "amount": 4, "drink": 5, "ingredient": 17}}, {"pk": 13, "model": "drink.recipe", "fields": {"note": "", "amount": 2, "drink": 5, "ingredient": 18}}, {"pk": 14, "model": "drink.recipe", "fields": {"note": "", "amount": 4, "drink": 5, "ingredient": 19}}, {"pk": 15, "model": "drink.recipe", "fields": {"note": "", "amount": 4, "drink": 6, "ingredient": 7}}, {"pk": 16, "model": "drink.recipe", "fields": {"note": "", "amount": 2, "drink": 6, "ingredient": 14}}, {"pk": 17, "model": "drink.recipe", "fields": {"note": "Fill it up", "amount": 4, "drink": 6, "ingredient": 15}}, {"pk": 18, "model": "drink.recipe", "fields": {"note": "", "amount": 4, "drink": 7, "ingredient": 1}}, {"pk": 19, "model": "drink.recipe", "fields": {"note": "", "amount": 2, "drink": 7, "ingredient": 16}}, {"pk": 20, "model": "drink.recipe", "fields": {"note": "", "amount": 4, "drink": 7, "ingredient": 15}}, {"pk": 1, "model": "drink.tag", "fields": {"drink": 2, "name": "1"}}, {"pk": 2, "model": "drink.tag", "fields": {"drink": 4, "name": "1"}}, {"pk": 1, "model": "auth.permission", "fields": {"codename": "add_logentry", "name": "Can add log entry", "content_type": 1}}, {"pk": 2, "model": "auth.permission", "fields": {"codename": "change_logentry", "name": "Can change log entry", "content_type": 1}}, {"pk": 3, "model": "auth.permission", "fields": {"codename": "delete_logentry", "name": "Can delete log entry", "content_type": 1}}, {"pk": 4, "model": "auth.permission", "fields": {"codename": "add_permission", "name": "Can add permission", "content_type": 2}}, {"pk": 5, "model": "auth.permission", "fields": {"codename": "change_permission", "name": "Can change permission", "content_type": 2}}, {"pk": 6, "model": "auth.permission", "fields": {"codename": "delete_permission", "name": "Can delete permission", "content_type": 2}}, {"pk": 7, "model": "auth.permission", "fields": {"codename": "add_group", "name": "Can add group", "content_type": 3}}, {"pk": 8, "model": "auth.permission", "fields": {"codename": "change_group", "name": "Can change group", "content_type": 3}}, {"pk": 9, "model": "auth.permission", "fields": {"codename": "delete_group", "name": "Can delete group", "content_type": 3}}, {"pk": 10, "model": "auth.permission", "fields": {"codename": "add_user", "name": "Can add user", "content_type": 4}}, {"pk": 11, "model": "auth.permission", "fields": {"codename": "change_user", "name": "Can change user", "content_type": 4}}, {"pk": 12, "model": "auth.permission", "fields": {"codename": "delete_user", "name": "Can delete user", "content_type": 4}}, {"pk": 13, "model": "auth.permission", "fields": {"codename": "add_contenttype", "name": "Can add content type", "content_type": 5}}, {"pk": 14, "model": "auth.permission", "fields": {"codename": "change_contenttype", "name": "Can change content type", "content_type": 5}}, {"pk": 15, "model": "auth.permission", "fields": {"codename": "delete_contenttype", "name": "Can delete content type", "content_type": 5}}, {"pk": 16, "model": "auth.permission", "fields": {"codename": "add_session", "name": "Can add session", "content_type": 6}}, {"pk": 17, "model": "auth.permission", "fields": {"codename": "change_session", "name": "Can change session", "content_type": 6}}, {"pk": 18, "model": "auth.permission", "fields": {"codename": "delete_session", "name": "Can delete session", "content_type": 6}}, {"pk": 19, "model": "auth.permission", "fields": {"codename": "add_ingredient", "name": "Can add ingredient", "content_type": 7}}, {"pk": 20, "model": "auth.permission", "fields": {"codename": "change_ingredient", "name": "Can change ingredient", "content_type": 7}}, {"pk": 21, "model": "auth.permission", "fields": {"codename": "delete_ingredient", "name": "Can delete ingredient", "content_type": 7}}, {"pk": 22, "model": "auth.permission", "fields": {"codename": "add_drink", "name": "Can add drink", "content_type": 8}}, {"pk": 23, "model": "auth.permission", "fields": {"codename": "change_drink", "name": "Can change drink", "content_type": 8}}, {"pk": 24, "model": "auth.permission", "fields": {"codename": "delete_drink", "name": "Can delete drink", "content_type": 8}}, {"pk": 25, "model": "auth.permission", "fields": {"codename": "add_recipe", "name": "Can add recipe", "content_type": 9}}, {"pk": 26, "model": "auth.permission", "fields": {"codename": "change_recipe", "name": "Can change recipe", "content_type": 9}}, {"pk": 27, "model": "auth.permission", "fields": {"codename": "delete_recipe", "name": "Can delete recipe", "content_type": 9}}, {"pk": 28, "model": "auth.permission", "fields": {"codename": "add_tag", "name": "Can add tag", "content_type": 10}}, {"pk": 29, "model": "auth.permission", "fields": {"codename": "change_tag", "name": "Can change tag", "content_type": 10}}, {"pk": 30, "model": "auth.permission", "fields": {"codename": "delete_tag", "name": "Can delete tag", "content_type": 10}}, {"pk": 1, "model": "auth.user", "fields": {"username": "admin", "first_name": "", "last_name": "", "is_active": true, "is_superuser": true, "is_staff": true, "last_login": "2014-03-10T08:36:17.375Z", "groups": [], "user_permissions": [], "password": "pbkdf2_sha256$12000$QAvzToA1dd5F$Xvhza2W2vlQvTi71l6t1l1gJFmiCFfCwfz7hY60/QTw=", "email": "admin@admin.se", "date_joined": "2014-03-09T13:02:16.248Z"}}, {"pk": 1, "model": "admin.logentry", "fields": {"action_flag": 1, "action_time": "2014-03-09T13:02:56.862Z", "object_repr": "Mojito", "object_id": "1", "change_message": "", "user": 1, "content_type": 8}}, {"pk": 2, "model": "admin.logentry", "fields": {"action_flag": 1, "action_time": "2014-03-09T13:03:17.353Z", "object_repr": "Lime", "object_id": "1", "change_message": "", "user": 1, "content_type": 7}}, {"pk": 3, "model": "admin.logentry", "fields": {"action_flag": 1, "action_time": "2014-03-09T13:03:39.350Z", "object_repr": "1wedge of Lime in Mojito", "object_id": "1", "change_message": "", "user": 1, "content_type": 9}}, {"pk": 4, "model": "admin.logentry", "fields": {"action_flag": 3, "action_time": "2014-03-09T13:19:02.685Z", "object_repr": "Mojito", "object_id": "1", "change_message": "", "user": 1, "content_type": 8}}, {"pk": 5, "model": "admin.logentry", "fields": {"action_flag": 3, "action_time": "2014-03-09T23:31:33.428Z", "object_repr": "Milk", "object_id": "5", "change_message": "", "user": 1, "content_type": 7}}, {"pk": 6, "model": "admin.logentry", "fields": {"action_flag": 3, "action_time": "2014-03-09T23:31:33.499Z", "object_repr": "Vindruvor", "object_id": "4", "change_message": "", "user": 1, "content_type": 7}}, {"pk": 7, "model": "admin.logentry", "fields": {"action_flag": 3, "action_time": "2014-03-09T23:31:33.535Z", "object_repr": "Vatten", "object_id": "3", "change_message": "", "user": 1, "content_type": 7}}, {"pk": 8, "model": "admin.logentry", "fields": {"action_flag": 3, "action_time": "2014-03-09T23:31:33.577Z", "object_repr": "Juice", "object_id": "2", "change_message": "", "user": 1, "content_type": 7}}, {"pk": 9, "model": "admin.logentry", "fields": {"action_flag": 3, "action_time": "2014-03-09T23:31:33.626Z", "object_repr": "Lime", "object_id": "1", "change_message": "", "user": 1, "content_type": 7}}, {"pk": 10, "model": "admin.logentry", "fields": {"action_flag": 1, "action_time": "2014-03-09T23:34:27.625Z", "object_repr": "Light Rum", "object_id": "1", "change_message": "", "user": 1, "content_type": 7}}, {"pk": 11, "model": "admin.logentry", "fields": {"action_flag": 1, "action_time": "2014-03-09T23:36:02.425Z", "object_repr": "Lime", "object_id": "2", "change_message": "", "user": 1, "content_type": 7}}, {"pk": 12, "model": "admin.logentry", "fields": {"action_flag": 1, "action_time": "2014-03-09T23:37:30.825Z", "object_repr": "Mint leaves", "object_id": "3", "change_message": "", "user": 1, "content_type": 7}}, {"pk": 13, "model": "admin.logentry", "fields": {"action_flag": 1, "action_time": "2014-03-09T23:37:56.879Z", "object_repr": "Soda water", "object_id": "4", "change_message": "", "user": 1, "content_type": 7}}, {"pk": 14, "model": "admin.logentry", "fields": {"action_flag": 1, "action_time": "2014-03-09T23:38:41.211Z", "object_repr": "Coca Cola", "object_id": "5", "change_message": "", "user": 1, "content_type": 7}}, {"pk": 15, "model": "admin.logentry", "fields": {"action_flag": 2, "action_time": "2014-03-09T23:38:54.780Z", "object_repr": "Cuba Libre", "object_id": "3", "change_message": "No fields changed.", "user": 1, "content_type": 8}}, {"pk": 16, "model": "admin.logentry", "fields": {"action_flag": 1, "action_time": "2014-03-09T23:39:07.152Z", "object_repr": "4 cL of Light Rum in Mojito", "object_id": "1", "change_message": "", "user": 1, "content_type": 9}}, {"pk": 17, "model": "admin.logentry", "fields": {"action_flag": 1, "action_time": "2014-03-09T23:39:23.881Z", "object_repr": "4 wedge of Lime in Mojito", "object_id": "2", "change_message": "", "user": 1, "content_type": 9}}, {"pk": 18, "model": "admin.logentry", "fields": {"action_flag": 1, "action_time": "2014-03-09T23:39:42.861Z", "object_repr": "10 leaves of Mint leaves in Mojito", "object_id": "3", "change_message": "", "user": 1, "content_type": 9}}, {"pk": 19, "model": "admin.logentry", "fields": {"action_flag": 1, "action_time": "2014-03-09T23:39:58.609Z", "object_repr": "20 cL of Soda water in Mojito", "object_id": "4", "change_message": "", "user": 1, "content_type": 9}}, {"pk": 20, "model": "admin.logentry", "fields": {"action_flag": 1, "action_time": "2014-03-09T23:40:13.752Z", "object_repr": "4 cL of Light Rum in Cuba Libre", "object_id": "5", "change_message": "", "user": 1, "content_type": 9}}, {"pk": 21, "model": "admin.logentry", "fields": {"action_flag": 1, "action_time": "2014-03-09T23:40:31.579Z", "object_repr": "20 cL of Coca Cola in Cuba Libre", "object_id": "6", "change_message": "", "user": 1, "content_type": 9}}, {"pk": 22, "model": "admin.logentry", "fields": {"action_flag": 1, "action_time": "2014-03-09T23:40:42.355Z", "object_repr": "1 wedge of Lime in Cuba Libre", "object_id": "7", "change_message": "", "user": 1, "content_type": 9}}, {"pk": 23, "model": "admin.logentry", "fields": {"action_flag": 1, "action_time": "2014-03-10T08:37:54.783Z", "object_repr": "Saft", "object_id": "6", "change_message": "", "user": 1, "content_type": 7}}, {"pk": 24, "model": "admin.logentry", "fields": {"action_flag": 1, "action_time": "2014-03-10T08:38:11.922Z", "object_repr": "Vodka", "object_id": "7", "change_message": "", "user": 1, "content_type": 7}}, {"pk": 25, "model": "admin.logentry", "fields": {"action_flag": 1, "action_time": "2014-03-10T08:38:27.497Z", "object_repr": "Tequila", "object_id": "8", "change_message": "", "user": 1, "content_type": 7}}, {"pk": 26, "model": "admin.logentry", "fields": {"action_flag": 1, "action_time": "2014-03-10T08:38:47.884Z", "object_repr": "Whiskey", "object_id": "9", "change_message": "", "user": 1, "content_type": 7}}, {"pk": 27, "model": "admin.logentry", "fields": {"action_flag": 1, "action_time": "2014-03-10T08:39:22.571Z", "object_repr": "Dark rum", "object_id": "10", "change_message": "", "user": 1, "content_type": 7}}, {"pk": 28, "model": "admin.logentry", "fields": {"action_flag": 1, "action_time": "2014-03-10T08:40:55.612Z", "object_repr": "Sourz apple", "object_id": "11", "change_message": "", "user": 1, "content_type": 7}}, {"pk": 29, "model": "admin.logentry", "fields": {"action_flag": 1, "action_time": "2014-03-10T08:41:19.412Z", "object_repr": "7up", "object_id": "12", "change_message": "", "user": 1, "content_type": 7}}, {"pk": 30, "model": "admin.logentry", "fields": {"action_flag": 1, "action_time": "2014-03-10T08:41:35.344Z", "object_repr": "Vanilla vodka", "object_id": "13", "change_message": "", "user": 1, "content_type": 7}}, {"pk": 31, "model": "admin.logentry", "fields": {"action_flag": 1, "action_time": "2014-03-10T08:42:02.202Z", "object_repr": "P2", "object_id": "4", "change_message": "", "user": 1, "content_type": 8}}, {"pk": 32, "model": "admin.logentry", "fields": {"action_flag": 1, "action_time": "2014-03-10T08:42:24.098Z", "object_repr": "3 cl of Vanilla vodka in P2", "object_id": "8", "change_message": "", "user": 1, "content_type": 9}}, {"pk": 33, "model": "admin.logentry", "fields": {"action_flag": 1, "action_time": "2014-03-10T08:42:43.140Z", "object_repr": "3 cl of Sourz apple in P2", "object_id": "9", "change_message": "", "user": 1, "content_type": 9}}, {"pk": 34, "model": "admin.logentry", "fields": {"action_flag": 1, "action_time": "2014-03-10T08:42:56.792Z", "object_repr": "6 cl of 7up in P2", "object_id": "10", "change_message": "", "user": 1, "content_type": 9}}, {"pk": 35, "model": "admin.logentry", "fields": {"action_flag": 1, "action_time": "2014-03-10T08:44:10.654Z", "object_repr": "1 wedge of Lime in P2", "object_id": "11", "change_message": "", "user": 1, "content_type": 9}}, {"pk": 36, "model": "admin.logentry", "fields": {"action_flag": 1, "action_time": "2014-03-10T08:58:08.223Z", "object_repr": "Kahlua", "object_id": "14", "change_message": "", "user": 1, "content_type": 7}}, {"pk": 37, "model": "admin.logentry", "fields": {"action_flag": 1, "action_time": "2014-03-10T08:58:22.427Z", "object_repr": "Milk", "object_id": "15", "change_message": "", "user": 1, "content_type": 7}}, {"pk": 38, "model": "admin.logentry", "fields": {"action_flag": 1, "action_time": "2014-03-10T08:58:39.610Z", "object_repr": "Mailbu", "object_id": "16", "change_message": "", "user": 1, "content_type": 7}}, {"pk": 39, "model": "admin.logentry", "fields": {"action_flag": 1, "action_time": "2014-03-10T08:58:52.993Z", "object_repr": "Lemon Vodka", "object_id": "17", "change_message": "", "user": 1, "content_type": 7}}, {"pk": 40, "model": "admin.logentry", "fields": {"action_flag": 1, "action_time": "2014-03-10T08:59:24.497Z", "object_repr": "Cointreau", "object_id": "18", "change_message": "", "user": 1, "content_type": 7}}, {"pk": 41, "model": "admin.logentry", "fields": {"action_flag": 1, "action_time": "2014-03-10T08:59:38.266Z", "object_repr": "Cranberry Juice", "object_id": "19", "change_message": "", "user": 1, "content_type": 7}}, {"pk": 42, "model": "admin.logentry", "fields": {"action_flag": 1, "action_time": "2014-03-10T09:00:09.487Z", "object_repr": "Cosmopolitan", "object_id": "5", "change_message": "", "user": 1, "content_type": 8}}, {"pk": 43, "model": "admin.logentry", "fields": {"action_flag": 1, "action_time": "2014-03-10T09:00:25.910Z", "object_repr": "White russian", "object_id": "6", "change_message": "", "user": 1, "content_type": 8}}, {"pk": 44, "model": "admin.logentry", "fields": {"action_flag": 1, "action_time": "2014-03-10T09:00:39.648Z", "object_repr": "Pi\u00f1a Colada", "object_id": "7", "change_message": "", "user": 1, "content_type": 8}}, {"pk": 45, "model": "admin.logentry", "fields": {"action_flag": 1, "action_time": "2014-03-10T09:01:05.358Z", "object_repr": "4 cl of Lemon Vodka in Cosmopolitan", "object_id": "12", "change_message": "", "user": 1, "content_type": 9}}, {"pk": 46, "model": "admin.logentry", "fields": {"action_flag": 1, "action_time": "2014-03-10T09:01:11.997Z", "object_repr": "2 cl of Cointreau in Cosmopolitan", "object_id": "13", "change_message": "", "user": 1, "content_type": 9}}, {"pk": 47, "model": "admin.logentry", "fields": {"action_flag": 1, "action_time": "2014-03-10T09:01:21.016Z", "object_repr": "4 cl of Cranberry Juice in Cosmopolitan", "object_id": "14", "change_message": "", "user": 1, "content_type": 9}}, {"pk": 48, "model": "admin.logentry", "fields": {"action_flag": 1, "action_time": "2014-03-10T09:01:35.652Z", "object_repr": "4 cl of Vodka in White russian", "object_id": "15", "change_message": "", "user": 1, "content_type": 9}}, {"pk": 49, "model": "admin.logentry", "fields": {"action_flag": 1, "action_time": "2014-03-10T09:01:42.507Z", "object_repr": "2 cl of Kahlua in White russian", "object_id": "16", "change_message": "", "user": 1, "content_type": 9}}, {"pk": 50, "model": "admin.logentry", "fields": {"action_flag": 1, "action_time": "2014-03-10T09:01:52.383Z", "object_repr": "4 cl of Milk in White russian", "object_id": "17", "change_message": "", "user": 1, "content_type": 9}}, {"pk": 51, "model": "admin.logentry", "fields": {"action_flag": 1, "action_time": "2014-03-10T09:02:09.527Z", "object_repr": "4 cL of Light Rum in Pi\u00f1a Colada", "object_id": "18", "change_message": "", "user": 1, "content_type": 9}}, {"pk": 52, "model": "admin.logentry", "fields": {"action_flag": 1, "action_time": "2014-03-10T09:02:17.065Z", "object_repr": "2 cl of Mailbu in Pi\u00f1a Colada", "object_id": "19", "change_message": "", "user": 1, "content_type": 9}}, {"pk": 53, "model": "admin.logentry", "fields": {"action_flag": 1, "action_time": "2014-03-10T09:02:26.782Z", "object_repr": "4 cl of Milk in Pi\u00f1a Colada", "object_id": "20", "change_message": "", "user": 1, "content_type": 9}}, {"pk": 54, "model": "admin.logentry", "fields": {"action_flag": 1, "action_time": "2014-03-10T09:08:56.443Z", "object_repr": "Refreshing", "object_id": "1", "change_message": "", "user": 1, "content_type": 10}}, {"pk": 55, "model": "admin.logentry", "fields": {"action_flag": 2, "action_time": "2014-03-10T09:27:00.816Z", "object_repr": "1", "object_id": "1", "change_message": "Changed name.", "user": 1, "content_type": 10}}, {"pk": 56, "model": "admin.logentry", "fields": {"action_flag": 1, "action_time": "2014-03-10T09:27:05.120Z", "object_repr": "1", "object_id": "2", "change_message": "", "user": 1, "content_type": 10}}, {"pk": 57, "model": "admin.logentry", "fields": {"action_flag": 1, "action_time": "2014-03-10T09:42:29.985Z", "object_repr": "1", "object_id": "1", "change_message": "", "user": 1, "content_type": 10}}, {"pk": 58, "model": "admin.logentry", "fields": {"action_flag": 1, "action_time": "2014-03-10T09:42:34.345Z", "object_repr": "1", "object_id": "2", "change_message": "", "user": 1, "content_type": 10}}, {"pk": 59, "model": "admin.logentry", "fields": {"action_flag": 2, "action_time": "2014-03-10T10:02:45.962Z", "object_repr": "1", "object_id": "2", "change_message": "Changed drink.", "user": 1, "content_type": 10}}]